kept_file,duplicate_of_kept_file
EclipseDataSpaceConnector/extensions/common/crypto/jws2020/src/test/resources/jws2020/issuing/0003_vc_embedded.json,EclipseDataSpaceConnector/extensions/common/crypto/ldp-verifiable-credentials/src/test/resources/jws2020/issuing/0003_vc_embedded.json
EclipseDataSpaceConnector/extensions/common/crypto/jws2020/src/test/resources/jws2020/issuing/0004_vc_did_key.json,EclipseDataSpaceConnector/extensions/common/crypto/ldp-verifiable-credentials/src/test/resources/jws2020/issuing/0004_vc_did_key.json
EclipseDataSpaceConnector/extensions/common/crypto/jws2020/src/test/resources/jws2020/issuing/linkedCredentialData.json,EclipseDataSpaceConnector/extensions/common/crypto/jws2020/src/test/resources/jws2020/verifying/linkedCredentialData.json
EclipseDataSpaceConnector/extensions/common/crypto/ldp-verifiable-credentials/src/test/resources/credentials.v1.json,EclipseDataSpaceConnector/extensions/common/iam/identity-trust/identity-trust-service/src/test/resources/credentials.v1.json
EclipseDataSpaceConnector/extensions/common/crypto/ldp-verifiable-credentials/src/test/resources/did.v1.json,EclipseDataSpaceConnector/extensions/common/iam/identity-trust/identity-trust-service/src/test/resources/did.v1.json
EclipseDataSpaceConnector/extensions/common/crypto/ldp-verifiable-credentials/src/test/resources/examples.v1.json,EclipseDataSpaceConnector/extensions/common/iam/identity-trust/identity-trust-service/src/test/resources/examples.v1.json
EclipseDataSpaceConnector/extensions/common/crypto/ldp-verifiable-credentials/src/test/resources/jws2020.json,EclipseDataSpaceConnector/extensions/common/iam/identity-trust/identity-trust-service/src/test/resources/jws2020.json
EclipseDataSpaceConnector/extensions/common/monitor/monitor-jdk-logger/build.gradle.kts,EclipseDataSpaceConnector/extensions/common/iam/iam-mock/build.gradle.kts
EclipseDataSpaceConnector/extensions/common/monitor/monitor-jdk-logger/build.gradle.kts,EclipseDataSpaceConnector/spi/common/catalog-spi/build.gradle.kts
EclipseDataSpaceConnector/extensions/common/monitor/monitor-jdk-logger/build.gradle.kts,EclipseDataSpaceConnector/spi/common/data-address/data-address-http-data-spi/build.gradle.kts
EclipseDataSpaceConnector/extensions/common/monitor/monitor-jdk-logger/build.gradle.kts,EclipseDataSpaceConnector/spi/common/data-address/data-address-kafka-spi/build.gradle.kts
EclipseDataSpaceConnector/extensions/common/monitor/monitor-jdk-logger/build.gradle.kts,EclipseDataSpaceConnector/spi/common/transaction-datasource-spi/build.gradle.kts
EclipseDataSpaceConnector/extensions/common/monitor/monitor-jdk-logger/build.gradle.kts,EclipseDataSpaceConnector/spi/control-plane/control-plane-api-client-spi/build.gradle.kts
EclipseDataSpaceConnector/extensions/common/monitor/monitor-jdk-logger/build.gradle.kts,EclipseDataSpaceConnector/spi/control-plane/transfer-data-plane-spi/build.gradle.kts
EclipseDataSpaceConnector/extensions/control-plane/callback/callback-event-dispatcher/build.gradle.kts,EclipseDataSpaceConnector/extensions/control-plane/callback/callback-static-endpoint/build.gradle.kts
EclipseDataSpaceConnector/gradlew.bat,eclipse-tractusx_tractusx-edc-merge/gradlew.bat
EclipseDataSpaceConnector/resources/edc-codestyle.xml,eclipse-tractusx_tractusx-edc-merge/resources/tx-codestyle.xml
EclipseDataSpaceConnector/resources/suppressions.xml,eclipse-tractusx_tractusx-edc-merge/resources/suppressions.xml
EclipseDataSpaceConnector/spi/common/token-spi/build.gradle.kts,EclipseDataSpaceConnector/spi/common/transform-spi/build.gradle.kts
EclipseDataSpaceConnector/spi/policy-monitor/policy-monitor-spi/build.gradle.kts,EclipseDataSpaceConnector/spi/data-plane/data-plane-spi/build.gradle.kts
Emma/Emma/emma_delta_libs/__init__.py,Emma/Emma/emma_libs/__init__.py
Emma/Emma/emma_delta_libs/__init__.py,Emma/Emma/emma_vis_libs/__init__.py
Emma/Emma/emma_delta_libs/__init__.py,Emma/Emma/shared_libs/__init__.py
Emma/Emma/emma_delta_libs/__init__.py,Emma/tests/functional_tests/__init__.py
Emma/Emma/emma_delta_libs/__init__.py,Emma/tests/other_files/__init__.py
Emma/Emma/emma_delta_libs/__init__.py,Emma/tests/unit_tests/__init__.py
Emma/README.md,Emma/doc/index.md
FB-SSEM-dataset/F2BEV_code/F2BEV/f2bev_conda_env.yml,FB-SSEM-dataset/F2BEV_code/f2bev_conda_env.yml
FB-SSEM-dataset/F2BEV_code/F2BEV/model_f2bev_attn_st_height.py,FB-SSEM-dataset/F2BEV_code/F2BEV/model_f2bev_attn_st_seg.py
FB-SSEM-dataset/F2BEV_code/F2BEV/model_f2bev_conv_st_height.py,FB-SSEM-dataset/F2BEV_code/F2BEV/model_f2bev_conv_st_seg.py
Open1722/src/avtp/aaf/CMakeLists.txt,Open1722/src/avtp/cvf/CMakeLists.txt
acme/cmake/doc/html/dir_3e3b8b59b9dba75ad61b2e1808befb6a.html,acme/cmake/doc/html/dir_807d3baf316e24116f48ee1f79df60aa.html
acme/cmake/doc/html/dir_3e3b8b59b9dba75ad61b2e1808befb6a.html,acme/cmake/doc/html/dir_9002d5a06056affae1e1388443c4552b.html
acme/cmake/doc/html/dir_3e3b8b59b9dba75ad61b2e1808befb6a.html,acme/cmake/doc/html/dir_a91a2e601f2626dfbd33eba208825553.html
acme/cmake/doc/html/dir_3e3b8b59b9dba75ad61b2e1808befb6a.html,acme/cmake/doc/html/dir_af91f753fee0e21d0a77f9e9cfc75dc4.html
acme/cmake/doc/html/dir_3e3b8b59b9dba75ad61b2e1808befb6a.html,acme/cmake/doc/html/dir_b5963a20cb68dacb7c20879fdbb0f75a.html
acme/cmake/doc/html/search/all_61.js,acme/cmake/doc/html/search/pages_61.js
acme/cmake/doc/html/search/all_6f.js,acme/cmake/doc/html/search/pages_6f.js
acme/cmake/doc/html/search/pages_61.html,acme/cmake/doc/html/search/all_61.html
acme/cmake/doc/html/search/pages_61.html,acme/cmake/doc/html/search/all_6f.html
acme/cmake/doc/html/search/pages_61.html,acme/cmake/doc/html/search/pages_6f.html
acme/tests/TestProject/modules/TestAddDebugDefinition/include/ReturnDefinition.h,acme/tests/TestProject/modules/TestAddDefinition/include/ReturnDefinition.h
acme/tests/TestProject/modules/TestAddDebugDefinition/include/ReturnDefinition.h,acme/tests/TestProject/modules/TestAddReleaseDefinition/include/ReturnDefinition.h
acme/tests/TestProject/modules/TestAddDebugDefinition/include/ReturnDefinition.h,acme/tests/TestProject/modules/TestDefinitionsSetByACME/include/ReturnDefinition.h
acme/tests/TestProject/modules/TestAddDebugDefinition/src/ReturnDefinition.cpp,acme/tests/TestProject/modules/TestAddReleaseDefinition/src/ReturnDefinition.cpp
acme/tests/TestProject/modules/TestDependencyOnAnExternalACME/include/TestDependencyOnAnExternalACME/ClassThatUsesACMELib.h,acme/tests/TestProject/modules/TestDependencyOnAnExternalACME_withoutBuildingTests/include/TestDependencyOnAnExternalACME/ClassThatUsesACMELib.h
acme/tests/TestProject/modules/TestDependencyOnOnlyHeaders_TheDependency/include/TestDependencyOnOnlyHeaders_TheDependency/ClassInDependency.h,acme/tests/TestProject/modules/TestDependencyAutolink_TheDependency/include/TestDependencyAutolink_TheDependency/ClassInDependency.h
acme/tests/TestProject/modules/TestIndirectDependencies_Indirect_Static/src/TestIndirectDependencies_Indirect_Dynamic.cpp,acme/tests/TestProject/modules/TestIndirectDependencies_Indirect_Static/src/TestIndirectDependencies_Indirect_Static.cpp
akm/akm/documentation/layouts/shortcodes/directoryindex.html,vehicle_signal_specification/docs-gen/layouts/shortcodes/directoryindex.html
android-vss-authentication-service/ExampleAppJava/src/androidTest/java/org/genivi/vss/authenticationservice/ExampleInstrumentedTest.java,android-vss-authentication-service/service/src/androidTest/java/org/genivi/vss/authenticationservice/ExampleInstrumentedTest.java
android-vss-authentication-service/ExampleAppJava/src/main/res/drawable/ic_launcher_background.xml,joynr/android/examples/android-hello-world-binder/android-hello-world-binder-consumer/app/src/main/res/drawable/ic_launcher_background.xml
android-vss-authentication-service/ExampleAppJava/src/main/res/drawable/ic_launcher_background.xml,joynr/android/examples/android-hello-world-binder/android-hello-world-binder-provider/app/src/main/res/drawable/ic_launcher_background.xml
android-vss-authentication-service/ExampleAppJava/src/main/res/drawable/ic_launcher_background.xml,joynr/android/examples/android-hello-world/android-hello-world-provider/app/src/main/res/drawable/ic_launcher_background.xml
android-vss-authentication-service/ExampleAppJava/src/main/res/drawable/ic_launcher_background.xml,joynr/android/libjoynr-android-integration-tests/test-radio-consumer/app/src/main/res/drawable/ic_launcher_background.xml
android-vss-authentication-service/ExampleAppJava/src/main/res/drawable/ic_launcher_background.xml,joynr/android/libjoynr-android-integration-tests/test-radio-provider/app/src/main/res/drawable/ic_launcher_background.xml
android-vss-authentication-service/ExampleAppJava/src/main/res/drawable/ic_launcher_background.xml,ramses-composer/doc/basics/android_app/app_src/app/src/main/res/drawable/ic_launcher_background.xml
android-vss-authentication-service/ExampleAppJava/src/main/res/mipmap-anydpi-v26/ic_launcher.xml,android-vss-authentication-service/ExampleAppJava/src/main/res/mipmap-anydpi-v26/ic_launcher_round.xml
android-vss-authentication-service/ExampleAppJava/src/main/res/mipmap-anydpi-v26/ic_launcher.xml,joynr/android/examples/android-hello-world-binder/android-hello-world-binder-consumer/app/src/main/res/mipmap-anydpi-v26/ic_launcher.xml
android-vss-authentication-service/ExampleAppJava/src/main/res/mipmap-anydpi-v26/ic_launcher.xml,joynr/android/examples/android-hello-world-binder/android-hello-world-binder-consumer/app/src/main/res/mipmap-anydpi-v26/ic_launcher_round.xml
android-vss-authentication-service/ExampleAppJava/src/main/res/mipmap-anydpi-v26/ic_launcher.xml,joynr/android/examples/android-hello-world-binder/android-hello-world-binder-provider/app/src/main/res/mipmap-anydpi-v26/ic_launcher.xml
android-vss-authentication-service/ExampleAppJava/src/main/res/mipmap-anydpi-v26/ic_launcher.xml,joynr/android/examples/android-hello-world-binder/android-hello-world-binder-provider/app/src/main/res/mipmap-anydpi-v26/ic_launcher_round.xml
android-vss-authentication-service/ExampleAppJava/src/main/res/mipmap-anydpi-v26/ic_launcher.xml,joynr/android/examples/android-hello-world/android-hello-world-consumer/app/src/main/res/mipmap-anydpi-v26/ic_launcher.xml
android-vss-authentication-service/ExampleAppJava/src/main/res/mipmap-anydpi-v26/ic_launcher.xml,joynr/android/examples/android-hello-world/android-hello-world-consumer/app/src/main/res/mipmap-anydpi-v26/ic_launcher_round.xml
android-vss-authentication-service/ExampleAppJava/src/main/res/mipmap-anydpi-v26/ic_launcher.xml,joynr/android/examples/android-hello-world/android-hello-world-provider/app/src/main/res/mipmap-anydpi-v26/ic_launcher.xml
android-vss-authentication-service/ExampleAppJava/src/main/res/mipmap-anydpi-v26/ic_launcher.xml,joynr/android/examples/android-hello-world/android-hello-world-provider/app/src/main/res/mipmap-anydpi-v26/ic_launcher_round.xml
android-vss-authentication-service/ExampleAppJava/src/main/res/mipmap-anydpi-v26/ic_launcher.xml,joynr/android/libjoynr-android-integration-tests/test-radio-consumer/app/src/main/res/mipmap-anydpi-v26/ic_launcher.xml
android-vss-authentication-service/ExampleAppJava/src/main/res/mipmap-anydpi-v26/ic_launcher.xml,joynr/android/libjoynr-android-integration-tests/test-radio-consumer/app/src/main/res/mipmap-anydpi-v26/ic_launcher_round.xml
android-vss-authentication-service/ExampleAppJava/src/main/res/mipmap-anydpi-v26/ic_launcher.xml,joynr/android/libjoynr-android-integration-tests/test-radio-provider/app/src/main/res/mipmap-anydpi-v26/ic_launcher.xml
android-vss-authentication-service/ExampleAppJava/src/main/res/mipmap-anydpi-v26/ic_launcher.xml,joynr/android/libjoynr-android-integration-tests/test-radio-provider/app/src/main/res/mipmap-anydpi-v26/ic_launcher_round.xml
android-vss-authentication-service/ExampleAppJava/src/main/res/mipmap-anydpi-v26/ic_launcher.xml,ramses-composer/doc/basics/android_app/app_src/app/src/main/res/mipmap-anydpi-v26/ic_launcher.xml
android-vss-authentication-service/ExampleAppJava/src/main/res/mipmap-anydpi-v26/ic_launcher.xml,ramses-composer/doc/basics/android_app/app_src/app/src/main/res/mipmap-anydpi-v26/ic_launcher_round.xml
android-vss-authentication-service/ExampleAppJava/src/main/res/values/colors.xml,joynr/android/examples/android-hello-world-binder/android-hello-world-binder-consumer/app/src/main/res/values/colors.xml
android-vss-authentication-service/ExampleAppJava/src/main/res/values/colors.xml,joynr/android/examples/android-hello-world-binder/android-hello-world-binder-provider/app/src/main/res/values/colors.xml
android-vss-authentication-service/ExampleAppJava/src/main/res/values/colors.xml,joynr/android/examples/android-hello-world/android-hello-world-consumer/app/src/main/res/values/colors.xml
android-vss-authentication-service/ExampleAppJava/src/main/res/values/colors.xml,joynr/android/examples/android-hello-world/android-hello-world-provider/app/src/main/res/values/colors.xml
android-vss-authentication-service/ExampleAppJava/src/main/res/values/colors.xml,joynr/android/libjoynr-android-integration-tests/test-radio-consumer/app/src/main/res/values/colors.xml
android-vss-authentication-service/ExampleAppJava/src/main/res/values/colors.xml,joynr/android/libjoynr-android-integration-tests/test-radio-provider/app/src/main/res/values/colors.xml
android-vss-authentication-service/ExampleAppJava/src/main/res/values/colors.xml,ramses/demo/android/ramses-renderer-android-app-native-activity/app/src/main/res/values/colors.xml
android-vss-authentication-service/ExampleAppJava/src/main/res/values/colors.xml,ramses/demo/android/ramses-renderer-android-app/app/src/main/res/values/colors.xml
android-vss-authentication-service/ExampleAppJava/src/main/res/values/styles.xml,joynr/android/examples/android-hello-world-binder/android-hello-world-binder-consumer/app/src/main/res/values/styles.xml
android-vss-authentication-service/ExampleAppJava/src/main/res/values/styles.xml,joynr/android/examples/android-hello-world-binder/android-hello-world-binder-provider/app/src/main/res/values/styles.xml
android-vss-authentication-service/ExampleAppJava/src/main/res/values/styles.xml,joynr/android/examples/android-hello-world/android-hello-world-consumer/app/src/main/res/values/styles.xml
android-vss-authentication-service/ExampleAppJava/src/main/res/values/styles.xml,joynr/android/examples/android-hello-world/android-hello-world-provider/app/src/main/res/values/styles.xml
android-vss-authentication-service/ExampleAppJava/src/main/res/values/styles.xml,joynr/android/libjoynr-android-integration-tests/test-radio-consumer/app/src/main/res/values/styles.xml
android-vss-authentication-service/ExampleAppJava/src/main/res/values/styles.xml,joynr/android/libjoynr-android-integration-tests/test-radio-provider/app/src/main/res/values/styles.xml
android-vss-authentication-service/ExampleAppJava/src/main/res/values/styles.xml,ramses/demo/android/ramses-renderer-android-app-native-activity/app/src/main/res/values/styles.xml
android-vss-authentication-service/ExampleAppJava/src/main/res/values/styles.xml,ramses/demo/android/ramses-renderer-android-app/app/src/main/res/values/styles.xml
android-vss-authentication-service/ExampleAppJava/src/test/java/org/genivi/vss/authenticationservice/ExampleUnitTest.java,android-vss-authentication-service/service/src/test/java/org/genivi/vss/authenticationservice/ExampleUnitTest.java
cananalyze/scripts/data/gw_calibration_demo_error.json,cananalyze/scripts/data/gw_calibration_demo.json
cananalyze/scripts/data/gw_calibration_test1.json,cananalyze/tests/data/gw_calibration_test1.json
capicxx-core-tools/CommonAPI-Examples/E01HelloWorld/vsomeip-client.json,capicxx-core-tools/CommonAPI-Examples/E02Attributes/vsomeip-client.json
capicxx-core-tools/CommonAPI-Examples/E01HelloWorld/vsomeip-client.json,capicxx-core-tools/CommonAPI-Examples/E05Manager/vsomeip-client.json
capicxx-core-tools/CommonAPI-Examples/E01HelloWorld/vsomeip-client.json,capicxx-core-tools/CommonAPI-Examples/E06Unions/vsomeip-client.json
capicxx-core-tools/CommonAPI-Examples/E01HelloWorld/vsomeip-client.json,capicxx-core-tools/CommonAPI-Examples/E07Mainloop/vsomeip-client.json
capicxx-core-tools/CommonAPI-Examples/E02Attributes/vsomeip-local.json,capicxx-core-tools/CommonAPI-Examples/E03Methods/vsomeip-local.json
capicxx-core-tools/CommonAPI-Examples/E04PhoneBook/CMakeLists.txt,capicxx-core-tools/CommonAPI-Examples/E01HelloWorld/CMakeLists.txt
capicxx-core-tools/CommonAPI-Examples/E04PhoneBook/CMakeLists.txt,capicxx-core-tools/CommonAPI-Examples/E02Attributes/CMakeLists.txt
capicxx-core-tools/CommonAPI-Examples/E04PhoneBook/CMakeLists.txt,capicxx-core-tools/CommonAPI-Examples/E03Methods/CMakeLists.txt
capicxx-core-tools/CommonAPI-Examples/E04PhoneBook/CMakeLists.txt,capicxx-core-tools/CommonAPI-Examples/E05Manager/CMakeLists.txt
capicxx-core-tools/CommonAPI-Examples/E04PhoneBook/CMakeLists.txt,capicxx-core-tools/CommonAPI-Examples/E06Unions/CMakeLists.txt
capicxx-core-tools/CommonAPI-Examples/E07Mainloop/vsomeip-service.json,capicxx-core-tools/CommonAPI-Examples/E01HelloWorld/vsomeip-service.json
capicxx-core-tools/CommonAPI-Examples/E08CrcProtectionP04/CMakeLists.txt,capicxx-core-tools/CommonAPI-Examples/E09CrcProtectionP01/CMakeLists.txt
capicxx-core-tools/docx/index.html,capicxx-dbus-tools/docx/index.html
capicxx-core-tools/org.genivi.commonapi.releng/pom.xml,capicxx-dbus-tools/org.genivi.commonapi.releng/pom.xml
capicxx-wamp-tools/org.genivi.commonapi.wamp.examples/models/testcases/example10/ExampleInterface.fidl,capicxx-wamp-tools/org.genivi.commonapi.wamp.tests/models/testcases/example10/ExampleInterface.fidl
capicxx-wamp-tools/org.genivi.commonapi.wamp.examples/models/testcases/example30/ExampleInterface.fidl,capicxx-wamp-tools/org.genivi.commonapi.wamp.tests/models/testcases/example30/ExampleInterface.fidl
capicxx-wamp-tools/org.genivi.commonapi.wamp.examples/models/testcases/example77/ExampleInterface.fidl,capicxx-wamp-tools/org.genivi.commonapi.wamp.tests/models/testcases/example77/ExampleInterface.fidl
capicxx-wamp-tools/org.genivi.commonapi.wamp.examples/src/example10/server/Example10Service.cpp,capicxx-wamp-tools/org.genivi.commonapi.wamp.tests/mochatest/example10/server/Example10Service.cpp
capicxx-wamp-tools/org.genivi.commonapi.wamp.examples/src/example10/server/ExampleInterfaceStubImpl.cpp,capicxx-wamp-tools/org.genivi.commonapi.wamp.tests/mochatest/example10/server/ExampleInterfaceStubImpl.cpp
capicxx-wamp-tools/org.genivi.commonapi.wamp.examples/src/example10/server/ExampleInterfaceStubImpl.hpp,capicxx-wamp-tools/org.genivi.commonapi.wamp.tests/mochatest/example10/server/ExampleInterfaceStubImpl.hpp
capicxx-wamp-tools/org.genivi.commonapi.wamp.examples/src/example12/server/Example12Service.cpp,capicxx-wamp-tools/org.genivi.commonapi.wamp.tests/mochatest/example12/server/Example12Service.cpp
capicxx-wamp-tools/org.genivi.commonapi.wamp.examples/src/example30/server/ExampleInterfaceStubImpl.cpp,capicxx-wamp-tools/org.genivi.commonapi.wamp.tests/mochatest/example30/server/ExampleInterfaceStubImpl.cpp
capicxx-wamp-tools/org.genivi.commonapi.wamp.examples/src/example30/server/ExampleInterfaceStubImpl.hpp,capicxx-wamp-tools/org.genivi.commonapi.wamp.tests/mochatest/example30/server/ExampleInterfaceStubImpl.hpp
capicxx-wamp-tools/org.genivi.commonapi.wamp.examples/src/example32/server/ExampleInterfaceStubImpl.cpp,capicxx-wamp-tools/org.genivi.commonapi.wamp.tests/mochatest/example32/server/ExampleInterfaceStubImpl.cpp
capicxx-wamp-tools/org.genivi.commonapi.wamp.examples/src/example32/server/ExampleInterfaceStubImpl.hpp,capicxx-wamp-tools/org.genivi.commonapi.wamp.tests/mochatest/example32/server/ExampleInterfaceStubImpl.hpp
capicxx-wamp-tools/org.genivi.commonapi.wamp.examples/src/example77/server/Example77Service.cpp,capicxx-wamp-tools/org.genivi.commonapi.wamp.tests/mochatest/example77/server/Example77Service.cpp
capicxx-wamp-tools/org.genivi.commonapi.wamp.examples/src/example77/server/ExampleInterfaceStubImpl.cpp,capicxx-wamp-tools/org.genivi.commonapi.wamp.tests/mochatest/example77/server/ExampleInterfaceStubImpl.cpp
capicxx-wamp-tools/org.genivi.commonapi.wamp.examples/src/example77/server/ExampleInterfaceStubImpl.hpp,capicxx-wamp-tools/org.genivi.commonapi.wamp.tests/mochatest/example77/server/ExampleInterfaceStubImpl.hpp
capicxx-wamp-tools/org.genivi.commonapi.wamp.examples/workdir/example30/runRESTClient.sh,capicxx-wamp-tools/org.genivi.commonapi.wamp.examples/workdir/example32/runRESTClient.sh
capu/Capu/include/capu/os/Android/ARMV7L/Math.h,capu/Capu/include/capu/os/Linux/ARMV7L/Math.h
capu/Capu/include/capu/os/Android/ARMV7L/TcpSocket.h,capu/Capu/include/capu/os/Linux/X86_32/TcpSocket.h
capu/Capu/include/capu/os/Android/ARMV7L/TcpSocket.h,capu/Capu/include/capu/os/Linux/X86_64/TcpSocket.h
capu/Capu/include/capu/os/Android/ARMV7L/TcpSocket.h,capu/Capu/include/capu/os/MacOSX/X86_32/TcpSocket.h
capu/Capu/include/capu/os/Android/ARMV7L/Thread.h,capu/Capu/include/capu/os/Linux/ARMV7L/Thread.h
capu/Capu/include/capu/os/Android/File.h,capu/Capu/include/capu/os/QNX/File.h
capu/Capu/include/capu/os/Integrity/X86_64/Math.h,capu/Capu/include/capu/os/QNX/ARMV7L/Math.h
capu/Capu/include/capu/os/Integrity/X86_64/Math.h,capu/Capu/include/capu/os/QNX/X86_32/Math.h
capu/Capu/include/capu/os/MacOSX/X86_64/File.h,capu/Capu/include/capu/os/iPhoneOS/File.h
capu/Capu/include/capu/os/QNX/ARMV7L/Thread.h,capu/Capu/include/capu/os/QNX/X86_32/Thread.h
capu/Capu/include/capu/os/QNX/Math.h,capu/Capu/include/capu/os/Linux/Math.h
capu/Capu/include/capu/os/QNX/Math.h,capu/Capu/include/capu/os/MacOSX/Math.h
capu/Capu/include/capu/os/iPhoneSimulatorOS/X86_32/File.h,capu/Capu/include/capu/os/iPhoneOS/ARM64/File.h
capu/Capu/include/capu/os/iPhoneSimulatorOS/X86_32/File.h,capu/Capu/include/capu/os/iPhoneSimulatorOS/X86_64/File.h
capu/Capu/include/capu/os/iPhoneSimulatorOS/X86_32/NonBlockSocketChecker.h,capu/Capu/include/capu/os/iPhoneSimulatorOS/X86_64/NonBlockSocketChecker.h
capu/Capu/src/os/Android/DynamicLibrary.cpp,capu/Capu/src/os/Integrity/DynamicLibrary.cpp
capu/Capu/src/os/Android/DynamicLibrary.cpp,capu/Capu/src/os/Linux/DynamicLibrary.cpp
capu/Capu/src/os/Android/DynamicLibrary.cpp,capu/Capu/src/os/MacOSX/DynamicLibrary.cpp
capu/Capu/src/os/Android/DynamicLibrary.cpp,capu/Capu/src/os/QNX/DynamicLibrary.cpp
capu/Capu/src/os/Android/DynamicLibrary.cpp,capu/Capu/src/os/iPhoneOS/DynamicLibrary.cpp
cdsp/cdsp/knowledge-layer/symbolic-reasoner/examples/use-case/model/model_config.json,cdsp/examples/knowledgelayer-hello-world/KL-config/model_config.json
cdsp/examples/knowledgelayer-hello-world/IL-config/schema-files/vss_data_points.yaml,cdsp/cdsp/information-layer/handlers/config/schema-files/vss_data_points.yaml
dlt-daemon/src/android/dlt-logd-converter.conf,dlt-daemon/tests/components/logd-converter/dlt-logd-converter.conf
dlt-daemon/src/android/dlt-logdctxt.json,dlt-daemon/tests/components/logd-converter/dlt-logdctxt.json
dlt-daemon/tests/components/logstorage/logstorage_multi_file/logstorage_multi_file.cpp,dlt-daemon/tests/components/logstorage/logstorage_filepath/logstorage_filepath.cpp
dlt-daemon/tests/components/logstorage/logstorage_multi_file/logstorage_multi_file.cpp,dlt-daemon/tests/components/logstorage/logstorage_fsync/logstorage_fsync.cpp
dlt-daemon/tests/components/logstorage/logstorage_multi_file/logstorage_multi_file.cpp,dlt-daemon/tests/components/logstorage/logstorage_one_file/logstorage_one_file.cpp
dlt-viewer/parser/examples/example_3/capp.c,dlt-viewer/parser/examples/example_6/capp.c
dlt-viewer/parser/examples/example_4/mapp/mapp.c,dlt-viewer/parser/examples/example_1/mapp.c
dlt-viewer/parser/examples/example_4/mapp/mapp.c,dlt-viewer/parser/examples/example_2/mapp.c
eclipse-tractusx_tractusx-edc-merge/charts/tractusx-connector-azure-vault/subcharts/omejdn/README.md,eclipse-tractusx_tractusx-edc-merge/charts/tractusx-connector-memory/subcharts/omejdn/README.md
eclipse-tractusx_tractusx-edc-merge/charts/tractusx-connector-azure-vault/subcharts/omejdn/README.md,eclipse-tractusx_tractusx-edc-merge/charts/tractusx-connector/subcharts/omejdn/README.md
eclipse-tractusx_tractusx-edc-merge/charts/tractusx-connector-azure-vault/subcharts/omejdn/README.md,eclipse-tractusx_tractusx-edc-merge/docs/samples/example-dataspace/daps/README.md
eclipse-tractusx_tractusx-edc-merge/charts/tractusx-connector-azure-vault/subcharts/omejdn/templates/_helpers.tpl,eclipse-tractusx_tractusx-edc-merge/charts/tractusx-connector-memory/subcharts/omejdn/templates/_helpers.tpl
eclipse-tractusx_tractusx-edc-merge/charts/tractusx-connector-azure-vault/subcharts/omejdn/templates/_helpers.tpl,eclipse-tractusx_tractusx-edc-merge/charts/tractusx-connector/subcharts/omejdn/templates/_helpers.tpl
eclipse-tractusx_tractusx-edc-merge/charts/tractusx-connector-azure-vault/subcharts/omejdn/templates/_helpers.tpl,eclipse-tractusx_tractusx-edc-merge/docs/samples/example-dataspace/daps/templates/_helpers.tpl
eclipse-tractusx_tractusx-edc-merge/charts/tractusx-connector-azure-vault/subcharts/omejdn/templates/configmap.yaml,eclipse-tractusx_tractusx-edc-merge/charts/tractusx-connector-memory/subcharts/omejdn/templates/configmap.yaml
eclipse-tractusx_tractusx-edc-merge/charts/tractusx-connector-azure-vault/subcharts/omejdn/templates/configmap.yaml,eclipse-tractusx_tractusx-edc-merge/charts/tractusx-connector/subcharts/omejdn/templates/configmap.yaml
eclipse-tractusx_tractusx-edc-merge/charts/tractusx-connector-azure-vault/subcharts/omejdn/templates/configmap.yaml,eclipse-tractusx_tractusx-edc-merge/docs/samples/example-dataspace/daps/templates/configmap.yaml
eclipse-tractusx_tractusx-edc-merge/charts/tractusx-connector-azure-vault/subcharts/omejdn/templates/deployment.yaml,eclipse-tractusx_tractusx-edc-merge/charts/tractusx-connector-memory/subcharts/omejdn/templates/deployment.yaml
eclipse-tractusx_tractusx-edc-merge/charts/tractusx-connector-azure-vault/subcharts/omejdn/templates/deployment.yaml,eclipse-tractusx_tractusx-edc-merge/charts/tractusx-connector/subcharts/omejdn/templates/deployment.yaml
eclipse-tractusx_tractusx-edc-merge/charts/tractusx-connector-azure-vault/subcharts/omejdn/templates/deployment.yaml,eclipse-tractusx_tractusx-edc-merge/docs/samples/example-dataspace/daps/templates/deployment.yaml
eclipse-tractusx_tractusx-edc-merge/charts/tractusx-connector-azure-vault/subcharts/omejdn/templates/hpa.yaml,eclipse-tractusx_tractusx-edc-merge/charts/tractusx-connector-memory/subcharts/omejdn/templates/hpa.yaml
eclipse-tractusx_tractusx-edc-merge/charts/tractusx-connector-azure-vault/subcharts/omejdn/templates/hpa.yaml,eclipse-tractusx_tractusx-edc-merge/charts/tractusx-connector/subcharts/omejdn/templates/hpa.yaml
eclipse-tractusx_tractusx-edc-merge/charts/tractusx-connector-azure-vault/subcharts/omejdn/templates/hpa.yaml,eclipse-tractusx_tractusx-edc-merge/docs/samples/example-dataspace/daps/templates/hpa.yaml
eclipse-tractusx_tractusx-edc-merge/charts/tractusx-connector-azure-vault/subcharts/omejdn/templates/imagepullsecret.yaml,eclipse-tractusx_tractusx-edc-merge/charts/tractusx-connector-memory/subcharts/omejdn/templates/imagepullsecret.yaml
eclipse-tractusx_tractusx-edc-merge/charts/tractusx-connector-azure-vault/subcharts/omejdn/templates/imagepullsecret.yaml,eclipse-tractusx_tractusx-edc-merge/charts/tractusx-connector/subcharts/omejdn/templates/imagepullsecret.yaml
eclipse-tractusx_tractusx-edc-merge/charts/tractusx-connector-azure-vault/subcharts/omejdn/templates/imagepullsecret.yaml,eclipse-tractusx_tractusx-edc-merge/docs/samples/example-dataspace/daps/templates/imagepullsecret.yaml
eclipse-tractusx_tractusx-edc-merge/charts/tractusx-connector-azure-vault/subcharts/omejdn/templates/service.yaml,eclipse-tractusx_tractusx-edc-merge/charts/tractusx-connector-memory/subcharts/omejdn/templates/service.yaml
eclipse-tractusx_tractusx-edc-merge/charts/tractusx-connector-azure-vault/subcharts/omejdn/templates/service.yaml,eclipse-tractusx_tractusx-edc-merge/charts/tractusx-connector/subcharts/omejdn/templates/service.yaml
eclipse-tractusx_tractusx-edc-merge/charts/tractusx-connector-azure-vault/subcharts/omejdn/templates/service.yaml,eclipse-tractusx_tractusx-edc-merge/docs/samples/example-dataspace/daps/templates/service.yaml
eclipse-tractusx_tractusx-edc-merge/charts/tractusx-connector-azure-vault/subcharts/omejdn/templates/serviceaccount.yaml,eclipse-tractusx_tractusx-edc-merge/charts/tractusx-connector-memory/subcharts/omejdn/templates/serviceaccount.yaml
eclipse-tractusx_tractusx-edc-merge/charts/tractusx-connector-azure-vault/subcharts/omejdn/templates/serviceaccount.yaml,eclipse-tractusx_tractusx-edc-merge/charts/tractusx-connector/subcharts/omejdn/templates/serviceaccount.yaml
eclipse-tractusx_tractusx-edc-merge/charts/tractusx-connector-azure-vault/subcharts/omejdn/templates/serviceaccount.yaml,eclipse-tractusx_tractusx-edc-merge/docs/samples/example-dataspace/daps/templates/serviceaccount.yaml
eclipse-tractusx_tractusx-edc-merge/charts/tractusx-connector-azure-vault/templates/_helpers.tpl,eclipse-tractusx_tractusx-edc-merge/charts/tractusx-connector/templates/_helpers.tpl
eclipse-tractusx_tractusx-edc-merge/charts/tractusx-connector-azure-vault/templates/configmap-controlplane.yaml,eclipse-tractusx_tractusx-edc-merge/charts/tractusx-connector/templates/configmap-controlplane.yaml
eclipse-tractusx_tractusx-edc-merge/charts/tractusx-connector-azure-vault/templates/configmap-dataplane.yaml,eclipse-tractusx_tractusx-edc-merge/charts/tractusx-connector/templates/configmap-dataplane.yaml
eclipse-tractusx_tractusx-edc-merge/charts/tractusx-connector-azure-vault/templates/hpa-controlplane.yaml,eclipse-tractusx_tractusx-edc-merge/charts/tractusx-connector/templates/hpa-controlplane.yaml
eclipse-tractusx_tractusx-edc-merge/charts/tractusx-connector-azure-vault/templates/hpa-dataplane.yaml,eclipse-tractusx_tractusx-edc-merge/charts/tractusx-connector/templates/hpa-dataplane.yaml
eclipse-tractusx_tractusx-edc-merge/charts/tractusx-connector-azure-vault/templates/ingress-controlplane.yaml,eclipse-tractusx_tractusx-edc-merge/charts/tractusx-connector/templates/ingress-controlplane.yaml
eclipse-tractusx_tractusx-edc-merge/charts/tractusx-connector-azure-vault/templates/ingress-dataplane.yaml,eclipse-tractusx_tractusx-edc-merge/charts/tractusx-connector/templates/ingress-dataplane.yaml
eclipse-tractusx_tractusx-edc-merge/charts/tractusx-connector-azure-vault/templates/service-controlplane.yaml,eclipse-tractusx_tractusx-edc-merge/charts/tractusx-connector/templates/service-controlplane.yaml
eclipse-tractusx_tractusx-edc-merge/charts/tractusx-connector-azure-vault/templates/serviceaccount.yaml,eclipse-tractusx_tractusx-edc-merge/charts/tractusx-connector-memory/templates/serviceaccount.yaml
eclipse-tractusx_tractusx-edc-merge/charts/tractusx-connector-azure-vault/templates/serviceaccount.yaml,eclipse-tractusx_tractusx-edc-merge/charts/tractusx-connector/templates/serviceaccount.yaml
eclipse-tractusx_tractusx-edc-merge/charts/tractusx-connector-azure-vault/templates/tests/test-controlplane-readiness.yaml,eclipse-tractusx_tractusx-edc-merge/charts/tractusx-connector/templates/tests/test-controlplane-readiness.yaml
eclipse-tractusx_tractusx-edc-merge/charts/tractusx-connector-azure-vault/templates/tests/test-dataplane-readiness.yaml,eclipse-tractusx_tractusx-edc-merge/charts/tractusx-connector/templates/tests/test-dataplane-readiness.yaml
eclipse-tractusx_tractusx-edc-merge/charts/tractusx-connector-memory/subcharts/omejdn/Chart.yaml,eclipse-tractusx_tractusx-edc-merge/charts/tractusx-connector-azure-vault/subcharts/omejdn/Chart.yaml
eclipse-tractusx_tractusx-edc-merge/charts/tractusx-connector-memory/subcharts/omejdn/Chart.yaml,eclipse-tractusx_tractusx-edc-merge/charts/tractusx-connector/subcharts/omejdn/Chart.yaml
eclipse-tractusx_tractusx-edc-merge/charts/tractusx-connector-memory/subcharts/omejdn/Chart.yaml,eclipse-tractusx_tractusx-edc-merge/docs/samples/example-dataspace/daps/Chart.yaml
eclipse-tractusx_tractusx-edc-merge/charts/tractusx-connector/templates/deployment-controlplane.yaml,eclipse-tractusx_tractusx-edc-merge/charts/tractusx-connector-azure-vault/templates/deployment-controlplane.yaml
eclipse-tractusx_tractusx-edc-merge/charts/tractusx-connector/templates/service-dataplane.yaml,eclipse-tractusx_tractusx-edc-merge/charts/tractusx-connector-azure-vault/templates/service-dataplane.yaml
eclipse-tractusx_tractusx-edc-merge/docs/samples/example-dataspace/daps/values.yaml,eclipse-tractusx_tractusx-edc-merge/charts/tractusx-connector-azure-vault/subcharts/omejdn/values.yaml
eclipse-tractusx_tractusx-edc-merge/docs/samples/example-dataspace/daps/values.yaml,eclipse-tractusx_tractusx-edc-merge/charts/tractusx-connector-memory/subcharts/omejdn/values.yaml
eclipse-tractusx_tractusx-edc-merge/docs/samples/example-dataspace/daps/values.yaml,eclipse-tractusx_tractusx-edc-merge/charts/tractusx-connector/subcharts/omejdn/values.yaml
eclipse-tractusx_tractusx-edc-merge/edc-dataplane/edc-dataplane-proxy-provider-spi/build.gradle.kts,eclipse-tractusx_tractusx-edc-merge/spi/core-spi/build.gradle.kts
eclipse-tractusx_tractusx-edc-merge/edc-extensions/hashicorp-vault/src/main/java/org/eclipse/tractusx/edc/hashicorpvault/HashicorpCertificateResolver.java,EclipseDataSpaceConnector/extensions/common/vault/vault-hashicorp/src/main/java/org/eclipse/edc/vault/hashicorp/HashicorpCertificateResolver.java
eclipse-tractusx_tractusx-edc-merge/edc-extensions/hashicorp-vault/src/main/java/org/eclipse/tractusx/edc/hashicorpvault/PemUtil.java,EclipseDataSpaceConnector/extensions/common/vault/vault-hashicorp/src/main/java/org/eclipse/edc/vault/hashicorp/PemUtil.java
eclipse-tractusx_tractusx-edc-merge/edc-extensions/hashicorp-vault/src/test/resources/logback.xml,eclipse-tractusx_tractusx-edc-merge/edc-extensions/transferprocess-sftp-client/src/main/resources/logback.xml
eclipse-tractusx_tractusx-edc-merge/edc-extensions/hashicorp-vault/src/test/resources/logback.xml,eclipse-tractusx_tractusx-edc-merge/edc-extensions/transferprocess-sftp-client/src/test/resources/logback.xml
eclipse-tractusx_tractusx-edc-merge/edc-extensions/observability-api-customization/src/main/java/org/eclipse/tractusx/edc/api/observability/TxObservabilityApiController.java,EclipseDataSpaceConnector/extensions/common/api/api-observability/src/main/java/org/eclipse/edc/api/observability/ObservabilityApiController.java
eclipse-tractusx_tractusx-edc-merge/resources/tx-checkstyle-config.xml,EclipseDataSpaceConnector/resources/edc-checkstyle-config.xml
franca_ara_integration/ara::com/full_featured/interface_lane.arxml,franca_ara_integration/ara::com/minimal/interface_lane.arxml
franca_ara_integration/ara::com/full_featured/interface_vehicles.arxml,franca_ara_integration/ara::com/minimal/interface_vehicles.arxml
franca_ara_integration/conf/devhost/vsomeip.json,franca_ara_integration/conf/full/vsomeip_ecu1.json
franca_ara_integration/conf/ivi/set_fixed_ip.sh,franca_ara_integration/deploy/usr/local/share/franca-ara/setup/set_fixed_ip.sh
franca_ara_integration/conf/ivi/setup_multicast_route.sh,franca_ara_integration/deploy/usr/local/share/franca-ara/setup/setup_multicast_route.sh
franca_ara_integration/conf/ivi/vsomeip_ecu1.json,franca_ara_integration/deploy/usr/local/share/franca-ara/conf/vsomeip_ecu1.json
graphql-vss-data-server/commonapi-wrappers/CMakeLists.txt,test-someip-service/commonapi-wrappers/CMakeLists.txt
graphql-vss-data-server/commonapi-wrappers/gen_wrappers.sh,test-someip-service/commonapi-wrappers/gen_wrappers.sh
graphql-vss-data-server/cpp-server/implementation/attributes/v1_org_genivi_vehicle_playground_PlaygroundProxy_1/DrivePowerTransmissionAttribute.hpp,graphql-vss-data-server/cpp-server/implementation/attributes/v1_org_genivi_vehicle_playground_PlaygroundProxy_1/CurrentGearAttribute.hpp
graphql-vss-data-server/cpp-server/implementation/attributes/v1_org_genivi_vehicle_playground_PlaygroundProxy_1/DrivePowerTransmissionAttribute.hpp,graphql-vss-data-server/cpp-server/implementation/attributes/v1_org_genivi_vehicle_playground_PlaygroundProxy_1/DoorsOpeningStatusAttribute.hpp
graphql-vss-data-server/cpp-server/implementation/attributes/v1_org_genivi_vehicle_playground_PlaygroundProxy_1/DrivePowerTransmissionAttribute.hpp,graphql-vss-data-server/cpp-server/implementation/attributes/v1_org_genivi_vehicle_playground_PlaygroundProxy_1/EngineSpeedAttribute.hpp
graphql-vss-data-server/cpp-server/implementation/attributes/v1_org_genivi_vehicle_playground_PlaygroundProxy_1/DrivePowerTransmissionAttribute.hpp,graphql-vss-data-server/cpp-server/implementation/attributes/v1_org_genivi_vehicle_playground_PlaygroundProxy_1/IsReverseGearOnAttribute.hpp
graphql-vss-data-server/cpp-server/implementation/attributes/v1_org_genivi_vehicle_playground_PlaygroundProxy_1/DrivePowerTransmissionAttribute.hpp,graphql-vss-data-server/cpp-server/implementation/attributes/v1_org_genivi_vehicle_playground_PlaygroundProxy_1/SeatHeatingLevelAttribute.hpp
graphql-vss-data-server/cpp-server/implementation/attributes/v1_org_genivi_vehicle_playground_PlaygroundProxy_1/DrivePowerTransmissionAttribute.hpp,graphql-vss-data-server/cpp-server/implementation/attributes/v1_org_genivi_vehicle_playground_PlaygroundProxy_1/SeatHeatingStatusAttribute.hpp
graphql-vss-data-server/cpp-server/implementation/attributes/v1_org_genivi_vehicle_playground_PlaygroundProxy_1/DrivePowerTransmissionAttribute.hpp,graphql-vss-data-server/cpp-server/implementation/attributes/v1_org_genivi_vehicle_playground_PlaygroundProxy_1/VolumeAttribute.hpp
graphql-vss-data-server/franca/org/genivi/vehicle/playground.fidl,test-someip-service/franca/org/genivi/vehicle/playground.fidl
graphql-vss-data-server/franca/org/genivi/vehicle/playgroundTypes.fidl,test-someip-service/franca/org/genivi/vehicle/playgroundTypes.fidl
graphql-vss-data-server/resources/vehicle_hpp_headers_open.hpp,graphql_schema2cpp_codegen/resources/vehicle_hpp_headers_open.hpp
graphql_schema2cpp_codegen/pyproject.toml,vss2graphql_schema/pyproject.toml
graphql_schema2cpp_codegen/utils/git/install-git-hooks.sh,vss2graphql_schema/utils/git/install-git-hooks.sh
ifex/models/protobuf/grpc_parser.py,ifex/models/protobuf/protobuf_lark.py
ifex/tests/generic_test.py,ifex/tests/generic_testrunner.py
ifex/tests/protobuf/unit_test_files/protobuf/unittest_proto3_arena_lite.proto,ifex/tests/protobuf/unit_test_files/protobuf/unittest_proto3_lite.proto
joynr/android/clustercontroller-android-standalone/gradlew.bat,android-vehicleplugin-vss-graphql/gradlew.bat
joynr/android/clustercontroller-android-standalone/gradlew.bat,android-vss-authentication-service/gradlew.bat
joynr/android/clustercontroller-android-standalone/gradlew.bat,joynr/android/examples/android-hello-world-binder/android-hello-world-binder-consumer/gradlew.bat
joynr/android/clustercontroller-android-standalone/gradlew.bat,joynr/android/examples/android-hello-world-binder/android-hello-world-binder-provider/gradlew.bat
joynr/android/clustercontroller-android-standalone/gradlew.bat,joynr/android/examples/android-hello-world/android-hello-world-consumer/gradlew.bat
joynr/android/clustercontroller-android-standalone/gradlew.bat,joynr/android/examples/android-hello-world/android-hello-world-provider/gradlew.bat
joynr/android/clustercontroller-android-standalone/gradlew.bat,joynr/android/libjoynr-android-integration-tests/test-radio-consumer/gradlew.bat
joynr/android/clustercontroller-android-standalone/gradlew.bat,joynr/android/libjoynr-android-integration-tests/test-radio-provider/gradlew.bat
joynr/android/clustercontroller-android-standalone/gradlew.bat,ramses/demo/android/ramses-renderer-android-app-native-activity/gradlew.bat
joynr/android/clustercontroller-android-standalone/gradlew.bat,ramses/demo/android/ramses-renderer-android-app/gradlew.bat
joynr/android/dependency-lock/check.py,joynr/dependency-lock/check.py
joynr/android/dependency-lock/write.py,joynr/dependency-lock/write.py
joynr/android/examples/android-hello-world-binder/android-hello-world-binder-consumer/build.gradle,joynr/android/examples/android-hello-world-binder/android-hello-world-binder-provider/build.gradle
joynr/android/examples/android-hello-world-binder/android-hello-world-binder-consumer/pom.xml,joynr/android/examples/android-hello-world-binder/android-hello-world-binder-provider/pom.xml
joynr/android/examples/android-hello-world/android-hello-world-consumer/app/src/main/fidl/helloworld.fidl,joynr/android/examples/android-hello-world/android-hello-world-provider/app/src/main/fidl/helloworld.fidl
joynr/android/examples/android-hello-world/android-hello-world-consumer/build.gradle,joynr/android/examples/android-hello-world/android-hello-world-provider/build.gradle
joynr/android/examples/android-hello-world/android-hello-world-consumer/pom.xml,joynr/android/examples/android-hello-world/android-hello-world-provider/pom.xml
joynr/android/libjoynr-android-integration-tests/test-radio-consumer/app/src/main/res/drawable-v24/ic_launcher_foreground.xml,android-vss-authentication-service/ExampleAppJava/src/main/res/drawable-v24/ic_launcher_foreground.xml
joynr/android/libjoynr-android-integration-tests/test-radio-consumer/app/src/main/res/drawable-v24/ic_launcher_foreground.xml,joynr/android/examples/android-hello-world-binder/android-hello-world-binder-consumer/app/src/main/res/drawable-v24/ic_launcher_foreground.xml
joynr/android/libjoynr-android-integration-tests/test-radio-consumer/app/src/main/res/drawable-v24/ic_launcher_foreground.xml,joynr/android/examples/android-hello-world-binder/android-hello-world-binder-provider/app/src/main/res/drawable-v24/ic_launcher_foreground.xml
joynr/android/libjoynr-android-integration-tests/test-radio-consumer/app/src/main/res/drawable-v24/ic_launcher_foreground.xml,joynr/android/examples/android-hello-world/android-hello-world-provider/app/src/main/res/drawable-v24/ic_launcher_foreground.xml
joynr/android/libjoynr-android-integration-tests/test-radio-consumer/app/src/main/res/drawable-v24/ic_launcher_foreground.xml,joynr/android/libjoynr-android-integration-tests/test-radio-provider/app/src/main/res/drawable-v24/ic_launcher_foreground.xml
joynr/android/libjoynr-android-integration-tests/test-radio-consumer/build.gradle,joynr/android/libjoynr-android-integration-tests/test-radio-provider/build.gradle
joynr/android/libjoynr-android-integration-tests/test-radio-provider/app/src/main/fidl/radio.fidl,joynr/android/libjoynr-android-integration-tests/test-radio-consumer/app/src/main/fidl/radio.fidl
joynr/android/libjoynr-android-integration-tests/test-radio-provider/app/src/main/fidl/radio.fidl,joynr/examples/radio-app/src/main/model/radio.fidl
joynr/cpp/runtimes/libjoynr-runtime/websocket/JoynrRuntime.cpp,joynr/cpp/runtimes/libjoynr-runtime/uds/JoynrRuntime.cpp
joynr/cpp/tests/resources/application3_ACL_RCL_Permissions.json,joynr/cpp/tests/resources/application4_ACL_RCL_Permissions.json
joynr/docker/joynr-base-alpine/mosquitto.conf,joynr/docker/joynr-base/mosquitto.conf
joynr/docker/joynr-base-alpine/openssl.conf,joynr/docker/joynr-base/openssl.conf
joynr/docker/joynr-base-alpine/openssl.conf,wscpp/test/certificates/openssl.conf
joynr/docker/joynr-base-alpine/scripts/ci/build_all.sh,joynr/docker/joynr-base/scripts/ci/build_all.sh
joynr/docker/joynr-base-alpine/scripts/ci/cpp-build-tests.sh,joynr/docker/joynr-base/scripts/ci/cpp-build-tests.sh
joynr/docker/joynr-base-alpine/scripts/ci/cpp-clean-build.sh,joynr/docker/joynr-base/scripts/ci/cpp-clean-build.sh
joynr/docker/joynr-base-alpine/scripts/ci/cpp-radio-app.sh,joynr/docker/joynr-base/scripts/ci/cpp-radio-app.sh
joynr/docker/joynr-base-alpine/scripts/ci/cpp-run-joynr-system-integration-test-ssl.sh,joynr/docker/joynr-base/scripts/ci/cpp-run-joynr-system-integration-test-ssl.sh
joynr/docker/joynr-base-alpine/scripts/ci/cpp-run-robustness-test-env.sh,joynr/docker/joynr-base/scripts/ci/cpp-run-robustness-test-env.sh
joynr/docker/joynr-base-alpine/scripts/ci/global.sh,joynr/docker/joynr-base/scripts/ci/global.sh
joynr/docker/joynr-base-alpine/scripts/docker/gen-certificates.sh,joynr/docker/joynr-base/scripts/docker/gen-certificates.sh
joynr/docker/joynr-base-alpine/scripts/docker/setup-android.sh,joynr/docker/joynr-base/scripts/docker/setup-android.sh
joynr/docker/joynr-base-alpine/scripts/old/build-and-run-js-performance-tests.sh,joynr/docker/joynr-base/scripts/old/build-and-run-js-performance-tests.sh
joynr/docker/joynr-base-alpine/scripts/old/run-js-performance-tests.sh,joynr/docker/joynr-base/scripts/old/run-js-performance-tests.sh
joynr/docker/joynr-base-alpine/scripts/test/cpp-build-rpm-package.sh,joynr/docker/joynr-base/scripts/test/cpp-build-rpm-package.sh
joynr/docker/joynr-base-alpine/scripts/test/cpp-build-smrf-rpm-package.sh,joynr/docker/joynr-base/scripts/test/cpp-build-smrf-rpm-package.sh
joynr/docker/joynr-base/scripts/docker/setup-extra-certs.sh,joynr/docker/joynr-runtime-environment-base/scripts/docker/setup-extra-certs.sh
joynr/docker/joynr-base/scripts/docker/setup-proxy.sh,joynr/docker/joynr-runtime-environment-base/scripts/docker/setup-proxy.sh
joynr/examples/custom-headers/custom-headers-jee-consumer/src/main/java/io/joynr/examples/customheaders/RestApplication.java,joynr/examples/custom-headers/custom-headers-jee-provider/src/main/java/io/joynr/examples/customheaders/RestApplication.java
joynr/examples/custom-headers/custom-headers-jee-consumer/src/main/webapp/WEB-INF/beans.xml,joynr/examples/custom-headers/custom-headers-jee-provider/src/main/webapp/WEB-INF/beans.xml
joynr/examples/custom-headers/custom-headers-jee-consumer/src/main/webapp/WEB-INF/beans.xml,joynr/examples/stateless-async/stateless-async-jee-car-sim/src/main/webapp/WEB-INF/beans.xml
joynr/examples/custom-headers/custom-headers-jee-consumer/src/main/webapp/WEB-INF/beans.xml,joynr/examples/stateless-async/stateless-async-jee-consumer/src/main/webapp/WEB-INF/beans.xml
joynr/examples/radio-app/src/main/java/io/joynr/demo/MyRadioProvider.java,joynr/android/libjoynr-android-integration-tests/test-radio-provider/app/src/main/java/io/joynr/android/provider/RadioProvider.java
joynr/examples/radio-jee/radio-jee-consumer/src/main/webapp/WEB-INF/beans.xml,joynr/examples/radio-jee/radio-jee-provider/src/main/webapp/WEB-INF/beans.xml
joynr/examples/radio-jee/radio-jee-consumer/src/main/webapp/WEB-INF/beans.xml,joynr/java/jeeintegration/src/main/resources/META-INF/beans.xml
joynr/examples/radio-jee/radio-jee-consumer/src/main/webapp/WEB-INF/beans.xml,joynr/tests/graceful-shutdown-test/graceful-shutdown-test-provider/src/main/webapp/WEB-INF/beans.xml
joynr/examples/radio-jee/radio-jee-consumer/src/main/webapp/WEB-INF/beans.xml,joynr/tests/graceful-shutdown-test/graceful-shutdown-test-second-level-provider/src/main/webapp/WEB-INF/beans.xml
joynr/examples/radio-jee/radio-jee-consumer/src/main/webapp/WEB-INF/beans.xml,joynr/tests/inter-language-test/inter-language-test-jee-consumer/src/main/webapp/WEB-INF/beans.xml
joynr/examples/radio-jee/radio-jee-consumer/src/main/webapp/WEB-INF/beans.xml,joynr/tests/inter-language-test/inter-language-test-jee-provider/src/main/webapp/WEB-INF/beans.xml
joynr/examples/radio-jee/radio-jee-consumer/src/main/webapp/WEB-INF/beans.xml,joynr/tests/joynr-hivemq-shared-subscriptions/test-apps/backpressure-clustered-provider/src/main/webapp/WEB-INF/beans.xml
joynr/examples/radio-jee/radio-jee-consumer/src/main/webapp/WEB-INF/beans.xml,joynr/tests/joynr-hivemq-shared-subscriptions/test-apps/backpressure-monitor-app/src/main/webapp/WEB-INF/beans.xml
joynr/examples/radio-jee/radio-jee-consumer/src/main/webapp/WEB-INF/beans.xml,joynr/tests/joynr-hivemq-shared-subscriptions/test-apps/clustered-app/src/main/webapp/WEB-INF/beans.xml
joynr/examples/radio-jee/radio-jee-consumer/src/main/webapp/WEB-INF/beans.xml,joynr/tests/performance-test-jee/performance-test-jee-provider/src/main/webapp/WEB-INF/beans.xml
joynr/examples/radio-jee/radio-jee-consumer/src/main/webapp/WEB-INF/beans.xml,joynr/tests/standalone-pt/discovery-directory-pt-jee/src/main/webapp/WEB-INF/beans.xml
joynr/examples/radio-jee/radio-jee-consumer/src/main/webapp/WEB-INF/beans.xml,joynr/tests/standalone-pt/pt-jee-app/src/main/webapp/WEB-INF/beans.xml
joynr/examples/radio-jee/radio-jee-consumer/src/main/webapp/WEB-INF/beans.xml,joynr/tests/system-integration-test/sit-controller/src/main/webapp/WEB-INF/beans.xml
joynr/examples/radio-jee/radio-jee-consumer/src/main/webapp/WEB-INF/beans.xml,joynr/tests/system-integration-test/sit-jee-app/src/main/webapp/WEB-INF/beans.xml
joynr/examples/radio-jee/radio-jee-consumer/src/main/webapp/WEB-INF/beans.xml,joynr/tests/system-integration-test/sit-jee-stateless-consumer/src/main/webapp/WEB-INF/beans.xml
joynr/examples/radio-jee/radio-jee-consumer/src/main/webapp/WEB-INF/glassfish-web.xml,joynr/examples/radio-jee/radio-jee-provider/src/main/webapp/WEB-INF/glassfish-web.xml
joynr/examples/radio-jee/radio-jee-consumer/src/main/webapp/WEB-INF/glassfish-web.xml,joynr/tests/inter-language-test/inter-language-test-jee-consumer/src/main/webapp/WEB-INF/glassfish-web.xml
joynr/examples/radio-jee/radio-jee-consumer/src/main/webapp/WEB-INF/glassfish-web.xml,joynr/tests/inter-language-test/inter-language-test-jee-provider/src/main/webapp/WEB-INF/glassfish-web.xml
joynr/examples/radio-jee/radio-jee-consumer/src/main/webapp/WEB-INF/glassfish-web.xml,joynr/tests/performance-test-jee/performance-test-jee-provider/src/main/webapp/WEB-INF/glassfish-web.xml
joynr/examples/radio-jee/radio-jee-consumer/src/main/webapp/WEB-INF/glassfish-web.xml,joynr/tests/standalone-pt/discovery-directory-pt-jee/src/main/webapp/WEB-INF/glassfish-web.xml
joynr/examples/radio-jee/radio-jee-consumer/src/main/webapp/WEB-INF/glassfish-web.xml,joynr/tests/standalone-pt/pt-jee-app/src/main/webapp/WEB-INF/glassfish-web.xml
joynr/examples/radio-jee/radio-jee-consumer/src/main/webapp/WEB-INF/glassfish-web.xml,joynr/tests/system-integration-test/sit-controller/src/main/webapp/WEB-INF/glassfish-web.xml
joynr/examples/radio-jee/radio-jee-consumer/src/main/webapp/WEB-INF/glassfish-web.xml,joynr/tests/system-integration-test/sit-jee-app/src/main/webapp/WEB-INF/glassfish-web.xml
joynr/examples/radio-jee/radio-jee-consumer/src/main/webapp/WEB-INF/glassfish-web.xml,joynr/tests/system-integration-test/sit-jee-stateless-consumer/src/main/webapp/WEB-INF/glassfish-web.xml
joynr/tests/gcd-e2e-test/src/main/assembly/assembly.xml,joynr/tests/inter-language-test/inter-language-test-base/src/main/assembly/assembly.xml
joynr/tests/graceful-shutdown-test/graceful-shutdown-test-provider/src/main/java/io/joynr/tests/gracefulshutdown/RestApplication.java,joynr/tests/graceful-shutdown-test/graceful-shutdown-test-second-level-provider/src/main/java/io/joynr/tests/gracefulshutdown/RestApplication.java
joynr/tests/inter-language-test/inter-language-test-base/src/main/java/io/joynr/test/interlanguage/testresults/TestCaseFailure.java,joynr/tests/gcd-e2e-test/src/main/java/io/joynr/test/gcd/testresults/TestCaseFailure.java
joynr/tests/inter-language-test/inter-language-test-base/src/main/java/io/joynr/test/interlanguage/testresults/TestCaseFailure.java,joynr/tests/inter-language-test/inter-language-test-jee-api/src/main/java/io/joynr/ilt/testresults/TestCaseFailure.java
joynr/tests/inter-language-test/inter-language-test-base/src/main/java/io/joynr/test/interlanguage/testresults/TestCaseResult.java,joynr/tests/gcd-e2e-test/src/main/java/io/joynr/test/gcd/testresults/TestCaseResult.java
joynr/tests/inter-language-test/inter-language-test-base/src/main/java/io/joynr/test/interlanguage/testresults/TestCaseResult.java,joynr/tests/inter-language-test/inter-language-test-jee-api/src/main/java/io/joynr/ilt/testresults/TestCaseResult.java
joynr/tests/inter-language-test/inter-language-test-base/src/main/java/io/joynr/test/interlanguage/testresults/TestResult.java,joynr/tests/gcd-e2e-test/src/main/java/io/joynr/test/gcd/testresults/TestResult.java
joynr/tests/inter-language-test/inter-language-test-base/src/main/java/io/joynr/test/interlanguage/testresults/TestResult.java,joynr/tests/inter-language-test/inter-language-test-jee-api/src/main/java/io/joynr/ilt/testresults/TestResult.java
joynr/tests/inter-language-test/inter-language-test-base/src/main/java/io/joynr/test/interlanguage/testresults/TestSuiteResult.java,joynr/tests/gcd-e2e-test/src/main/java/io/joynr/test/gcd/testresults/TestSuiteResult.java
joynr/tests/inter-language-test/inter-language-test-base/src/main/java/io/joynr/test/interlanguage/testresults/TestSuiteResult.java,joynr/tests/inter-language-test/inter-language-test-jee-api/src/main/java/io/joynr/ilt/testresults/TestSuiteResult.java
joynr/tests/inter-language-test/inter-language-test-base/src/test/java/io/joynr/test/interlanguage/IltConsumerJUnitListener.java,joynr/tests/gcd-e2e-test/src/test/java/io/joynr/test/gcd/GcdConsumerJUnitListener.java
joynr/tests/inter-language-test/inter-language-test-base/src/test/java/io/joynr/test/interlanguage/IltConsumerJUnitListener.java,joynr/tests/inter-language-test/inter-language-test-jee-consumer/src/main/java/io/joynr/test/interlanguage/jee/IltConsumerJUnitListener.java
joynr/tests/inter-language-test/inter-language-test-jee-consumer/src/main/java/io/joynr/test/interlanguage/jee/IltUtil.java,joynr/tests/inter-language-test/inter-language-test-jee-provider/src/main/java/io/joynr/test/interlanguage/jee/IltUtil.java
joynr/tests/joynr-hivemq-shared-subscriptions/test-apps/backpressure-clustered-provider/start-me-up.sh,joynr/tests/joynr-hivemq-shared-subscriptions/test-apps/backpressure-monitor-app/start-me-up.sh
joynr/tests/joynr-hivemq-shared-subscriptions/test-apps/backpressure-clustered-provider/start-me-up.sh,joynr/tests/joynr-hivemq-shared-subscriptions/test-apps/clustered-app/start-me-up.sh
joynr/tests/joynr-hivemq-shared-subscriptions/test-apps/backpressure-clustered-provider/start-me-up.sh,joynr/tests/joynr-hivemq-shared-subscriptions/test-apps/monitor-app/start-me-up.sh
joynr/tests/joynr-hivemq-shared-subscriptions/test-apps/clustered-app/pom.xml,joynr/tests/joynr-hivemq-shared-subscriptions/test-apps/backpressure-clustered-provider/pom.xml
joynr/tests/joynr-hivemq-shared-subscriptions/test-apps/clustered-app/pom.xml,joynr/tests/joynr-hivemq-shared-subscriptions/test-apps/backpressure-monitor-app/pom.xml
joynr/tests/joynr-hivemq-shared-subscriptions/test-apps/clustered-app/pom.xml,joynr/tests/joynr-hivemq-shared-subscriptions/test-apps/monitor-app/pom.xml
joynr/tests/joynr-hivemq-shared-subscriptions/test-apps/clustered-app/src/main/java/io/joynr/sharedsubscription/test/clusteredapp/JoynrConfigurationProvider.java,joynr/tests/joynr-hivemq-shared-subscriptions/test-apps/monitor-app/src/main/java/io/joynr/sharedsubscription/test/monitorapp/JoynrConfigurationProvider.java
joynr/tests/performance-test/src/main/cpp/common/Enum.h,joynr/tests/standalone-pt/pt-cpp-apps/src/main/cpp/common/Enum.h
joynr/tools/generator/cpp-generator/pom.xml,joynr/tools/generator/java-generator/pom.xml
joynr/tools/generator/cpp-generator/src/test/resources/test-without-noversiongeneration-comment.fidl,joynr/tools/generator/java-generator/src/test/resources/test-without-noversiongeneration-comment.fidl
joynr/tools/generator/cpp-generator/src/test/resources/test-without-noversiongeneration-comment.fidl,joynr/tools/generator/js-generator/src/test/resources/test-without-noversiongeneration-comment.fidl
joynr/tools/generator/java-generator/src/test/java/io/joynr/generator/versioning/GeneratorVersioningTest.java,joynr/tools/generator/js-generator/src/test/java/io/joynr/generator/versioning/GeneratorVersioningTest.java
joynr/tools/generator/java-generator/src/test/resources/fire-and-forget-mixed-test_noversiongeneration.fidl,joynr/tools/generator/java-generator/src/test/resources/fire-and-forget-mixed-test.fidl
joynr/tools/generator/java-generator/src/test/resources/fire-and-forget-test_noversiongeneration.fidl,joynr/tools/generator/java-generator/src/test/resources/fire-and-forget-test.fidl
joynr/tools/generator/java-generator/src/test/resources/multi-out-method-test_noversiongeneration.fidl,joynr/tools/generator/cpp-generator/src/test/resources/multi-out-method-test.fidl
joynr/tools/generator/java-generator/src/test/resources/multi-out-method-test_noversiongeneration.fidl,joynr/tools/generator/cpp-generator/src/test/resources/multi-out-method-test_noversiongeneration.fidl
joynr/tools/generator/java-generator/src/test/resources/multi-out-method-test_noversiongeneration.fidl,joynr/tools/generator/java-generator/src/test/resources/multi-out-method-test.fidl
joynr/tools/generator/java-generator/src/test/resources/multi-out-method-test_noversiongeneration.fidl,joynr/tools/generator/js-generator/src/test/resources/multi-out-method-test.fidl
joynr/tools/generator/java-generator/src/test/resources/multi-out-method-test_noversiongeneration.fidl,joynr/tools/generator/js-generator/src/test/resources/multi-out-method-test_noversiongeneration.fidl
joynr/tools/generator/java-generator/src/test/resources/stateless-async-test_noversiongeneration.fidl,joynr/tools/generator/java-generator/src/test/resources/stateless-async-test.fidl
joynr/tools/generator/java-generator/src/test/resources/test-with-noversiongeneration-comment.fidl,joynr/tools/generator/cpp-generator/src/test/resources/test-with-noversiongeneration-comment.fidl
joynr/tools/generator/java-generator/src/test/resources/test-with-noversiongeneration-comment.fidl,joynr/tools/generator/js-generator/src/test/resources/test-with-noversiongeneration-comment.fidl
odxtools/doc/Makefile,python-dlt/docs/Makefile
odxtools/doc/make.bat,python-dlt/docs/make.bat
odxtools/odxtools/checksumresult.py,odxtools/odxtools/fwchecksum.py
paho.mqtt.java/org.eclipse.paho.client.mqttv3/src/main/java/org/eclipse/paho/client/mqttv3/persist/package.html,paho.mqtt.java/org.eclipse.paho.jmeclient/org.eclipse.paho.jmeclient.mqttv3/src/org/eclipse/paho/client/mqttv3/persist/package.html
paho.mqtt.java/org.eclipse.paho.client.mqttv3/src/main/java/org/eclipse/paho/client/mqttv3/util/package.html,paho.mqtt.java/org.eclipse.paho.jmeclient/org.eclipse.paho.jmeclient.mqttv3/src/org/eclipse/paho/client/mqttv3/util/package.html
paho.mqtt.java/org.eclipse.paho.jmeclient/org.eclipse.paho.jmeclient.mqttv3/src/org/eclipse/paho/client/mqttv3/logging/Logger.java,paho.mqtt.java/org.eclipse.paho.client.mqttv3/src/main/java/org/eclipse/paho/client/mqttv3/logging/Logger.java
python-dlt/dlt/core/core_21810.py,python-dlt/dlt/core/core_2188.py
python-dlt/tests/dlt_main_loop_with_dlt_client_unit_test.py,python-dlt/tests/dlt_main_loop_unit_test.py
ramses-composer/datamodel/libCore/tests/migrationTestData/scripts/array-of-array.lua,ramses-composer/resources/scripts/array-of-array.lua
ramses-composer/datamodel/libCore/tests/migrationTestData/scripts/interface-scalar-types.lua,ramses-composer/resources/scripts/interface-scalar-types.lua
ramses-composer/datamodel/libCore/tests/migrationTestData/scripts/interface-using-module.lua,ramses-composer/resources/scripts/interface-using-module.lua
ramses-composer/datamodel/libCore/tests/migrationTestData/scripts/moduleDefinition.lua,ramses-composer/resources/scripts/moduleDefinition.lua
ramses-composer/datamodel/libCore/tests/migrationTestData/scripts/script-using-module.lua,ramses-composer/resources/scripts/script-using-module.lua
ramses-composer/datamodel/libCore/tests/migrationTestData/scripts/struct-nested.lua,ramses-composer/resources/scripts/struct-nested.lua
ramses-composer/datamodel/libCore/tests/migrationTestData/scripts/struct-simple.lua,ramses-composer/resources/scripts/struct-simple.lua
ramses-composer/datamodel/libCore/tests/testData/in-struct.lua,ramses-composer/resources/scripts/struct.lua
ramses-composer/doc/basics/monkey/scripts/LightControl.lua,ramses-composer/doc/basics/stencil_testing/scripts/LightControl.lua
ramses-composer/doc/basics/monkey/scripts/LightControl.lua,ramses-composer/screenshot_tests/projects/scripts/LightControl.lua
ramses-logic/ci/scripts/code_style_checker/check_enum_style.py,ramses/scripts/code_style_checker/check_enum_style.py
ramses-logic/ci/scripts/code_style_checker/check_last_line_newline.py,ramses/scripts/code_style_checker/check_last_line_newline.py
ramses-logic/ci/scripts/code_style_checker/check_tabbing_and_spacing.py,ramses/scripts/code_style_checker/check_tabbing_and_spacing.py
ramses-logic/ci/scripts/common/lists.py,ramses/scripts/ci/common/lists.py
ramses-logic/ci/scripts/common/yamlconfig.py,ramses/scripts/ci/common/yamlconfig.py
ramses-logic/ci/scripts/installation-check/submodule-check-headless/ramses-logic-submodule-check.cpp,ramses-logic/ci/scripts/installation-check/submodule-check/ramses-logic-submodule-check.cpp
ramses-logic/doc/sphinx/classes/LuaScript.rst,ramses-logic/doc/sphinx/classes/vec4i.rst
ramses-logic/doc/sphinx/classes/PropertyEnumToType.rst,ramses-logic/doc/sphinx/classes/EInterpolationType.rst
ramses-logic/doc/sphinx/classes/PropertyEnumToType.rst,ramses-logic/doc/sphinx/classes/GetRamsesLogicVersion.rst
ramses-logic/doc/sphinx/classes/PropertyEnumToType.rst,ramses-logic/doc/sphinx/classes/SkinBinding.rst
ramses-logic/doc/sphinx/classes/RamsesRenderGroupBindingElements.rst,ramses-logic/doc/sphinx/classes/AnimationChannel.rst
ramses-logic/doc/sphinx/classes/RamsesRenderGroupBindingElements.rst,ramses-logic/doc/sphinx/classes/AnimationNodeConfig.rst
ramses-logic/doc/sphinx/classes/RamsesRenderGroupBindingElements.rst,ramses-logic/doc/sphinx/classes/Collection.rst
ramses-logic/doc/sphinx/classes/RamsesRenderGroupBindingElements.rst,ramses-logic/doc/sphinx/classes/DataArray.rst
ramses-logic/doc/sphinx/classes/RamsesRenderGroupBindingElements.rst,ramses-logic/doc/sphinx/classes/ERotationType.rst
ramses-logic/doc/sphinx/classes/RamsesRenderGroupBindingElements.rst,ramses-logic/doc/sphinx/classes/EStandardModule.rst
ramses-logic/doc/sphinx/classes/RamsesRenderGroupBindingElements.rst,ramses-logic/doc/sphinx/classes/LogicEngine.rst
ramses-logic/doc/sphinx/classes/RamsesRenderGroupBindingElements.rst,ramses-logic/doc/sphinx/classes/LogicEngineReport.rst
ramses-logic/doc/sphinx/classes/RamsesRenderGroupBindingElements.rst,ramses-logic/doc/sphinx/classes/LuaConfig.rst
ramses-logic/doc/sphinx/classes/RamsesRenderGroupBindingElements.rst,ramses-logic/doc/sphinx/classes/LuaModule.rst
ramses-logic/doc/sphinx/classes/RamsesRenderGroupBindingElements.rst,ramses-logic/doc/sphinx/classes/Property.rst
ramses-logic/doc/sphinx/classes/RamsesRenderGroupBindingElements.rst,ramses-logic/doc/sphinx/classes/PropertyLink.rst
ramses-logic/doc/sphinx/classes/RamsesRenderGroupBindingElements.rst,ramses-logic/doc/sphinx/classes/RamsesRenderPassBinding.rst
ramses-logic/doc/sphinx/classes/RamsesRenderGroupBindingElements.rst,ramses-logic/doc/sphinx/classes/SaveFileConfig.rst
ramses-logic/doc/sphinx/classes/RamsesRenderGroupBindingElements.rst,ramses-logic/doc/sphinx/classes/TimerNode.rst
ramses-logic/doc/sphinx/classes/RamsesRenderGroupBindingElements.rst,ramses-logic/doc/sphinx/classes/matrix44f.rst
ramses-logic/doc/sphinx/classes/RamsesRenderGroupBindingElements.rst,ramses-logic/doc/sphinx/classes/vec2f.rst
ramses-logic/doc/sphinx/classes/RamsesRenderGroupBindingElements.rst,ramses-logic/doc/sphinx/classes/vec2i.rst
ramses-logic/doc/sphinx/classes/RamsesRenderGroupBindingElements.rst,ramses-logic/doc/sphinx/classes/vec4f.rst
ramses-logic/doc/sphinx/classes/RamsesRenderGroupBindingElements.rst,ramses/doc/sphinx/classes/renderer.rst
ramses-logic/doc/sphinx/dev.rst,ramses/doc/sphinx/dev.rst
ramses-logic/lib/flatbuffers/schemas/AnchorPoint.fbs,ramses/src/client/internal/logic/flatbuffers/schemas/AnchorPoint.fbs
ramses-logic/lib/flatbuffers/schemas/AnimationNode.fbs,ramses/src/client/internal/logic/flatbuffers/schemas/AnimationNode.fbs
ramses-logic/lib/flatbuffers/schemas/DataArray.fbs,ramses/src/client/internal/logic/flatbuffers/schemas/DataArray.fbs
ramses-logic/lib/flatbuffers/schemas/Link.fbs,ramses/src/client/internal/logic/flatbuffers/schemas/Link.fbs
ramses-logic/lib/flatbuffers/schemas/LogicObject.fbs,ramses/src/client/internal/logic/flatbuffers/schemas/LogicObject.fbs
ramses-logic/lib/flatbuffers/schemas/LuaInterface.fbs,ramses/src/client/internal/logic/flatbuffers/schemas/LuaInterface.fbs
ramses-logic/lib/flatbuffers/schemas/LuaModule.fbs,ramses/src/client/internal/logic/flatbuffers/schemas/LuaModule.fbs
ramses-logic/lib/flatbuffers/schemas/LuaScript.fbs,ramses/src/client/internal/logic/flatbuffers/schemas/LuaScript.fbs
ramses-logic/lib/flatbuffers/schemas/Property.fbs,ramses/src/client/internal/logic/flatbuffers/schemas/Property.fbs
ramses-logic/lib/flatbuffers/schemas/RamsesBinding.fbs,ramses/src/client/internal/logic/flatbuffers/schemas/RamsesBinding.fbs
ramses-logic/lib/flatbuffers/schemas/RamsesReference.fbs,ramses/src/client/internal/logic/flatbuffers/schemas/RamsesReference.fbs
ramses-logic/lib/flatbuffers/schemas/SkinBinding.fbs,ramses/src/client/internal/logic/flatbuffers/schemas/SkinBinding.fbs
ramses-logic/lib/flatbuffers/schemas/TimerNode.fbs,ramses/src/client/internal/logic/flatbuffers/schemas/TimerNode.fbs
ramses-logic/lib/internals/DirectedAcyclicGraph.cpp,ramses/src/client/internal/logic/DirectedAcyclicGraph.cpp
ramses-logic/lib/internals/DirectedAcyclicGraph.h,ramses/src/client/internal/logic/DirectedAcyclicGraph.h
ramses-logic/lib/internals/SolWrapper.h,ramses/src/client/internal/logic/SolWrapper.h
ramses-logic/tools/ramses-logic-viewer/ImguiWrapper.h,ramses/tools/ramses-viewer/ImguiWrapper.h
ramses/demo/android/ramses-renderer-android-app-native-activity/app/src/main/res/values/strings.xml,ramses/demo/android/ramses-renderer-android-app/app/src/main/res/values/strings.xml
ramses/demo/android/ramses-renderer-android-app/app/src/main/res/mipmap-anydpi-v26/ic_launcher.xml,ramses/demo/android/ramses-renderer-android-app-native-activity/app/src/main/res/mipmap-anydpi-v26/ic_launcher.xml
ramses/demo/android/ramses-renderer-android-app/app/src/main/res/mipmap-anydpi-v26/ic_launcher.xml,ramses/demo/android/ramses-renderer-android-app-native-activity/app/src/main/res/mipmap-anydpi-v26/ic_launcher_round.xml
ramses/demo/android/ramses-renderer-android-app/app/src/main/res/mipmap-anydpi-v26/ic_launcher.xml,ramses/demo/android/ramses-renderer-android-app/app/src/main/res/mipmap-anydpi-v26/ic_launcher_round.xml
ramses/doc/sphinx/examples/logic/02_errors_compile_time.rst,ramses-logic/doc/sphinx/examples/02_errors_compile_time.rst
ramses/doc/sphinx/examples/logic/04_ramses_scene.rst,ramses-logic/doc/sphinx/examples/04_ramses_scene.rst
ramses/doc/sphinx/examples/logic/13_render_order.rst,ramses-logic/doc/sphinx/examples/13_render_order.rst
ramses/doc/sphinx/examples/logic/15_meshnodebinding.rst,ramses-logic/doc/sphinx/examples/14_skinbinding.rst
ramses/doc/sphinx/lua_syntax.rst,ramses-logic/doc/sphinx/lua_syntax.rst
ramses/doc/sphinx/requirements.txt,ramses/scripts/docker/ramses-basic/requirements.txt
ramses/scripts/ci/common/clangtidy.py,ramses-logic/ci/scripts/common/clangtidy.py
ramses/scripts/ci/common/repo.py,ramses-logic/ci/scripts/common/repo.py
ramses/scripts/code_style_checker/common_modules/common.py,ramses-logic/ci/scripts/code_style_checker/common_modules/common.py
ramses/src/client/internal/logic/EnvironmentProtection.cpp,ramses-logic/lib/internals/EnvironmentProtection.cpp
ramses/src/client/internal/logic/FileUtils.cpp,ramses-logic/lib/internals/FileUtils.cpp
ramses/src/client/internal/logic/InterfaceTypeFunctions.cpp,ramses-logic/lib/internals/InterfaceTypeFunctions.cpp
ramses/src/client/internal/logic/LuaTypeConversions.cpp,ramses-logic/lib/internals/LuaTypeConversions.cpp
ramses/src/client/internal/logic/PropertyTypeExtractor.cpp,ramses-logic/lib/internals/PropertyTypeExtractor.cpp
ramses/src/client/internal/logic/UpdateReport.cpp,ramses-logic/lib/internals/UpdateReport.cpp
ramses/tests/unittests/client/logic/api/CollectionTest.cpp,ramses-logic/unittests/api/CollectionTest.cpp
ramses/tests/unittests/client/logic/api/IteratorTest.cpp,ramses-logic/unittests/api/IteratorTest.cpp
ramses/tests/unittests/client/logic/api/LogicEngineTest_UpdateReport.cpp,ramses-logic/unittests/api/LogicEngineTest_UpdateReport.cpp
ramses/tests/unittests/client/logic/api/PropertyTypeTest.cpp,ramses-logic/unittests/api/PropertyTypeTest.cpp
ramses/tests/unittests/client/logic/internal/EnvironmentProtectionTest.cpp,ramses-logic/unittests/internal/EnvironmentProtectionTest.cpp
ramses/tests/unittests/client/logic/internal/LuaCustomizationsTest.cpp,ramses-logic/unittests/internal/LuaCustomizationsTest.cpp
ramses/tests/unittests/client/logic/internal/LuaTypeConversionsTest.cpp,ramses-logic/unittests/internal/LuaTypeConversionsTest.cpp
ramses/tests/unittests/client/logic/internal/PropertyTypeExtractorTest.cpp,ramses-logic/unittests/internal/PropertyTypeExtractorTest.cpp
ramses/tests/unittests/client/logic/internal/SolStateTest.cpp,ramses-logic/unittests/internal/SolStateTest.cpp
ramses/tests/unittests/client/logic/internal/WrappedLuaPropertyTest.cpp,ramses-logic/unittests/internal/WrappedLuaPropertyTest.cpp
ramses/tests/unittests/client/utils/LuaScriptTest_Base.h,ramses-logic/unittests/shared/LuaScriptTest_Base.h
ramses/tests/unittests/renderer/embedded-compositor-wayland/main.cpp,ramses/tests/unittests/renderer/system-compositor-controller-wayland/main.cpp
ramses/tests/unittests/renderer/window-wayland-wl-shell/main.cpp,smrf/cpp/tests/test-main.cpp
ramses/tools/ramses-viewer/Result.h,ramses-logic/tools/ramses-logic-utils/Result.h
roadC/roadc.c,roadC/src/roadc.c
ros_realtime_tests/cyclic_timer_tests/src/ArgumentParser.h,ros_realtime_tests/oneshot_timer_tests/src/ArgumentParser.h
s2dm/examples/seat-to-vspec/08.07.2025/result.vspec,s2dm/examples/seat-to-vspec/result.vspec
s2dm/examples/spec-history-registry/units.yaml,s2dm/tests/data/test_units.yaml
s2dm/examples/spec-history-registry/units.yaml,vehicle_signal_specification/spec/units.yaml
test-someip-service/vsomeip.json,graphql-vss-data-server/cpp-server/vsomeip.json
valhalla/README.md,valhalla/docs/docs/index.md
valhalla/docs/docs/README_python.md,valhalla/src/bindings/python/README.md
valhalla/locales/en-US.json,valhalla/locales/en-AU.json
valhalla/locales/uk-UA.json,valhalla/locales/bg-BG.json
valhalla/locales/uk-UA.json,valhalla/locales/el-GR.json
valhalla/src/bindings/python/valhalla/valhalla_build_config.py,valhalla/test/scripts/valhalla_build_config.py
vsomeip/build_qnx/nto/aarch64/Makefile,vsomeip/build_qnx/nto/x86_64/Makefile
vsomeip/test/unit_tests/main.cpp,muesli/tests/unit-tests/TestMain.cpp
vsomeip/test/unit_tests/main.cpp,vsomeip/test/unit_tests/protocol_tests/main.cpp
vsomeip/test/unit_tests/message_serializer_tests/CMakeLists.txt,vsomeip/test/unit_tests/security_policy_tests/CMakeLists.txt
vsomeip/test/unit_tests/message_serializer_tests/CMakeLists.txt,vsomeip/test/unit_tests/utility_utility_tests/CMakeLists.txt
vsomeip_py/__init__.py,vsomeip_py/vsomeip_py/__init__.py
